City_ID,City,Country,Date,Lat,Lng,Max Temp,Humidity,Clouldiness,Wind Speed
0,Lebu,CL,2022-11-15 08:07:11,-37.6167,-73.65,52.54,90,3,2.98
1,Qaanaaq,GL,2022-11-15 08:07:11,77.484,-69.3632,0.82,82,100,2.89
2,Jamestown,US,2022-11-15 08:06:57,42.097,-79.2353,35.19,80,100,8.05
3,Ushuaia,AR,2022-11-15 08:06:26,-54.8,-68.3,49.66,81,75,5.75
4,Pisco,PE,2022-11-15 08:07:11,-13.7,-76.2167,62.65,82,75,2.3
5,Carnarvon,AU,2022-11-15 08:07:12,-24.8667,113.6333,79.0,51,1,17.98
6,Busselton,AU,2022-11-15 08:04:08,-33.65,115.3333,70.27,48,0,13.4
7,Mataura,NZ,2022-11-15 08:07:12,-46.1927,168.8643,58.48,63,100,1.12
8,Boende,CD,2022-11-15 08:07:12,-0.2167,20.8667,77.85,91,100,0.69
9,Punta Arenas,CL,2022-11-15 08:02:36,-53.15,-70.9167,48.11,66,64,19.42
10,Airai,TL,2022-11-15 08:07:13,-8.9266,125.4092,70.07,74,99,1.83
11,Butaritari,KI,2022-11-15 08:07:13,3.0707,172.7902,80.85,81,26,8.21
12,Portobelo,PA,2022-11-15 08:07:13,9.55,-79.65,74.05,87,99,2.93
13,Barrow,US,2022-11-15 08:07:13,71.2906,-156.7887,-0.38,78,0,19.57
14,Cape Town,ZA,2022-11-15 08:03:39,-33.9258,18.4232,70.38,62,75,17.27
15,Lipari,IT,2022-11-15 08:07:14,38.4674,14.954,63.32,62,100,1.36
16,Constitucion,CL,2022-11-15 08:07:14,-35.3333,-72.4167,56.75,82,58,7.58
17,Goundi,TD,2022-11-15 08:07:14,9.3627,17.366,87.67,28,6,2.59
18,Adrar,MR,2022-11-15 07:57:41,20.5022,-10.0711,71.67,25,46,8.99
19,Waingapu,ID,2022-11-15 08:07:15,-9.6567,120.2641,84.67,73,100,5.57
20,Hamilton,US,2022-11-15 08:07:15,39.1834,-84.5333,36.23,73,0,5.01
21,Mahebourg,MU,2022-11-15 08:07:15,-20.4081,57.7,77.25,50,28,13.35
22,Maracacume,BR,2022-11-15 08:07:16,-2.0428,-45.9592,72.91,95,82,2.89
23,Rikitea,PF,2022-11-15 08:04:15,-23.1203,-134.9692,74.48,80,84,15.01
24,Albany,US,2022-11-15 08:06:27,42.6001,-73.9662,26.4,80,94,3.24
25,Sao Filipe,CV,2022-11-15 08:07:16,14.8961,-24.4956,74.53,73,100,10.13
26,Geraldton,AU,2022-11-15 08:07:16,-28.7667,114.6,81.01,34,0,21.85
27,New Norfolk,AU,2022-11-15 08:07:17,-42.7826,147.0587,46.92,84,100,4.0
28,Castro,BR,2022-11-15 08:07:17,-24.7911,-50.0119,56.62,96,5,3.02
29,Sarangani,PH,2022-11-15 08:07:17,5.4033,125.4636,84.2,74,100,6.78
30,Avarua,CK,2022-11-15 08:07:18,-21.2078,-159.775,71.65,73,100,8.05
31,Yellowknife,CA,2022-11-15 08:03:52,62.456,-114.3525,25.32,100,100,8.05
32,Awjilah,LY,2022-11-15 08:07:18,29.1081,21.2869,66.31,40,0,3.42
33,Hobart,AU,2022-11-15 08:07:18,-42.8794,147.3294,47.26,88,75,21.85
34,Dunedin,NZ,2022-11-15 08:03:27,-45.8742,170.5036,57.79,91,100,4.0
35,Mogadishu,SO,2022-11-15 08:07:19,2.0371,45.3438,82.2,71,37,10.58
36,Bredasdorp,ZA,2022-11-15 08:07:19,-34.5322,20.0403,74.91,36,67,14.43
37,Choix,MX,2022-11-15 08:07:19,26.7092,-108.3219,62.87,68,97,3.96
38,Kyren,RU,2022-11-15 08:07:20,51.6828,102.1408,33.44,80,51,1.3
39,Arraial Do Cabo,BR,2022-11-15 08:07:20,-22.9661,-42.0278,75.06,88,0,11.5
40,Upernavik,GL,2022-11-15 08:07:20,72.7868,-56.1549,20.98,93,100,6.87
41,Olafsvik,IS,2022-11-15 08:07:20,64.8945,-23.7142,43.43,82,100,13.78
42,Vila Velha,BR,2022-11-15 08:06:22,-20.3297,-40.2925,76.95,93,100,10.36
43,Hasaki,JP,2022-11-15 08:07:21,35.7333,140.8333,53.22,78,100,19.69
44,Vaini,TO,2022-11-15 08:07:21,-21.2,-175.2,73.56,100,75,6.91
45,Saint-Philippe,RE,2022-11-15 08:07:22,-21.3585,55.7679,80.19,58,30,12.71
46,Guerrero Negro,MX,2022-11-15 08:07:22,27.9769,-114.0611,60.84,48,99,2.84
47,Demerval Lobao,BR,2022-11-15 08:08:23,-5.3583,-42.6764,74.61,98,65,1.72
48,Guanica,PR,2022-11-15 08:08:24,17.9716,-66.908,77.18,79,3,5.55
49,Cherskiy,RU,2022-11-15 08:08:24,68.75,161.3,-33.45,100,27,4.09
50,Atuona,PF,2022-11-15 08:06:35,-9.8,-139.0333,77.5,74,2,17.05
51,Aksu,CN,2022-11-15 08:08:24,41.1231,80.2644,45.23,33,100,0.2
52,Mar Del Plata,AR,2022-11-15 08:08:26,-38.0023,-57.5575,58.08,95,78,11.99
53,Smithers,CA,2022-11-15 08:08:26,54.7804,-127.1743,25.27,93,100,1.95
54,Makakilo City,US,2022-11-15 08:08:26,21.3469,-158.0858,75.56,74,40,13.8
55,Busdi,PH,2022-11-15 08:08:26,8.2761,125.2514,80.67,67,100,4.25
56,Tual,ID,2022-11-15 08:07:19,-5.6667,132.75,84.65,69,100,1.12
57,Synya,RU,2022-11-15 08:08:27,65.3718,58.0387,-4.25,94,46,2.8
58,Ancud,CL,2022-11-15 08:08:27,-41.8697,-73.8203,54.23,98,100,10.87
59,Port Alfred,ZA,2022-11-15 08:08:28,-33.5906,26.891,84.7,43,14,11.56
60,Turbat,PK,2022-11-15 08:08:28,26.0023,63.044,87.21,20,0,8.77
61,Georgetown,MY,2022-11-15 08:06:18,5.4112,100.3354,85.93,77,20,4.61
62,Longyearbyen,SJ,2022-11-15 08:08:29,78.2186,15.6401,22.84,80,20,11.5
63,Pevek,RU,2022-11-15 08:08:30,69.7008,170.3133,-13.47,100,98,0.51
64,Henties Bay,NA,2022-11-15 08:08:30,-22.116,14.2845,63.95,75,79,8.9
65,Dali,CN,2022-11-15 08:08:30,25.7,100.1833,66.13,29,0,8.05
66,Canon City,US,2022-11-15 08:06:50,38.441,-105.2424,30.38,81,100,0.0
67,Opuwo,NA,2022-11-15 08:08:30,-18.0607,13.84,82.22,11,8,3.53
68,Bluff,NZ,2022-11-15 08:08:31,-46.6,168.3333,58.8,64,100,4.0
69,Calderitas,MX,2022-11-15 08:08:31,18.55,-88.25,76.14,84,6,4.54
70,Mae Hong Son,TH,2022-11-15 08:08:31,19.3003,97.9685,90.41,51,61,0.47
71,Ilulissat,GL,2022-11-15 08:08:31,69.2167,-51.1,26.62,86,100,17.27
72,Ponta Do Sol,PT,2022-11-15 08:08:32,32.6667,-17.1,67.71,70,78,5.68
73,Januaria,BR,2022-11-15 08:08:32,-15.4833,-44.3667,69.87,98,100,2.68
74,Hilo,US,2022-11-15 08:08:32,19.7297,-155.09,70.25,87,0,5.01
75,Orel-Izumrud,RU,2022-11-15 08:08:32,43.4583,39.9244,55.42,62,20,8.99
76,Waddan,LY,2022-11-15 08:08:33,29.1614,16.139,67.95,35,1,2.62
77,Birjand,IR,2022-11-15 08:08:33,32.8663,59.2211,60.53,31,2,8.21
78,Vestmannaeyjar,IS,2022-11-15 08:08:33,63.4427,-20.2734,45.59,87,100,10.36
79,Kavieng,PG,2022-11-15 07:58:59,-2.5744,150.7967,83.12,75,100,12.39
80,Bengkulu,ID,2022-11-15 08:08:33,-3.8004,102.2655,83.34,68,98,11.81
81,Luderitz,NA,2022-11-15 08:08:34,-26.6481,15.1594,67.84,65,3,12.19
82,Creel,MX,2022-11-15 08:08:34,27.75,-107.6333,37.63,87,100,1.14
83,Zyryanka,RU,2022-11-15 08:08:34,65.75,150.85,-21.23,90,100,1.05
84,Nemuro,JP,2022-11-15 08:08:34,43.3236,145.575,44.8,67,98,8.88
85,Mamallapuram,IN,2022-11-15 08:08:35,12.6264,80.1722,84.25,67,54,15.26
86,Ranong,TH,2022-11-15 08:08:35,9.9658,98.6348,84.09,71,100,10.02
87,Prince Rupert,CA,2022-11-15 08:05:11,54.3161,-130.3201,40.21,71,100,4.36
88,Aswan,EG,2022-11-15 08:08:35,24.0934,32.907,77.04,34,0,12.1
89,Luquillo,PR,2022-11-15 08:08:36,18.3725,-65.7166,75.9,94,100,3.44
90,Ngunguru,NZ,2022-11-15 08:08:36,-35.6167,174.5,63.0,94,100,7.2
91,Kokopo,PG,2022-11-15 08:08:36,-4.352,152.2633,80.8,71,100,1.81
92,Lagoa,PT,2022-11-15 08:08:36,39.05,-27.9833,61.97,75,77,12.19
93,Jumla,NP,2022-11-15 08:09:37,29.2747,82.1838,55.56,53,75,5.75
94,Bethel,US,2022-11-15 08:09:37,41.3712,-73.414,31.66,79,0,0.0
95,Kolyvan,RU,2022-11-15 08:09:37,55.3053,82.7391,38.82,98,100,13.76
96,Abu Samrah,SY,2022-11-15 08:09:37,35.3029,37.1841,66.07,52,40,6.02
97,Cairns,AU,2022-11-15 08:09:38,-16.9167,145.7667,87.06,75,40,4.61
98,Raymond,US,2022-11-15 08:09:38,43.9015,-70.4703,31.15,80,10,2.3
99,Halifax,CA,2022-11-15 08:09:38,44.6453,-63.5724,36.5,76,11,5.99
100,Mareeba,AU,2022-11-15 08:09:38,-17.0,145.4333,82.44,65,99,5.44
101,Bathsheba,BB,2022-11-15 08:09:39,13.2167,-59.5167,79.41,83,20,19.57
102,Mayskiy,RU,2022-11-15 08:09:39,47.6931,40.1025,35.01,44,3,3.96
103,La Mana,EC,2022-11-15 08:09:39,-0.9333,-79.2167,70.23,87,80,1.1
104,Saint George,US,2022-11-15 08:06:17,37.1041,-113.5841,39.79,60,0,1.01
105,East London,ZA,2022-11-15 08:09:39,-33.0153,27.9116,81.91,48,58,15.57
106,Loreto,MX,2022-11-15 08:09:40,22.2667,-101.9667,52.29,54,27,3.2
107,Chokurdakh,RU,2022-11-15 08:09:40,70.6333,147.9167,-20.87,100,98,8.57
108,Morro Bay,US,2022-11-15 08:09:40,35.3658,-120.8499,47.14,26,0,3.56
109,Coihaique,CL,2022-11-15 08:09:40,-45.5752,-72.0662,48.81,81,83,4.61
110,Taicheng,CN,2022-11-15 08:09:41,38.731,113.228,45.43,30,0,3.18
111,Poum,NC,2022-11-15 08:09:41,-20.2333,164.0167,77.04,79,28,14.12
112,Tuktoyaktuk,CA,2022-11-15 08:09:41,69.4541,-133.0374,5.14,93,84,9.4
113,Cabo San Lucas,MX,2022-11-15 08:09:41,22.8909,-109.9124,74.52,75,42,1.01
114,Xining,CN,2022-11-15 08:09:42,36.6167,101.7667,40.3,42,85,1.36
115,Lubao,PH,2022-11-15 08:09:42,14.9167,120.55,85.48,69,83,11.72
116,Khatanga,RU,2022-11-15 08:09:42,71.9667,102.5,-4.86,97,100,14.81
117,Bati,ET,2022-11-15 08:09:42,11.1833,40.0167,72.23,36,0,9.86
118,Hambantota,LK,2022-11-15 08:09:43,6.1241,81.1185,86.34,70,40,2.3
119,Hermanus,ZA,2022-11-15 08:09:43,-34.4187,19.2345,71.8,57,41,17.9
120,Fereydun Kenar,IR,2022-11-15 08:09:43,36.6864,52.5225,61.56,60,0,12.03
121,Oistins,BB,2022-11-15 08:06:12,13.0667,-59.5333,78.89,83,20,19.57
122,Sao Paulo De Olivenca,BR,2022-11-15 08:09:43,-3.3783,-68.8725,73.36,98,100,0.25
123,Lata,PT,2022-11-15 08:09:44,40.1629,-8.3327,61.92,93,100,12.37
124,Puerto Ayora,EC,2022-11-15 08:09:44,-0.7393,-90.3518,69.55,86,21,6.11
125,Fairbanks,US,2022-11-15 08:08:17,64.8378,-147.7164,25.14,88,100,5.75
126,Rincon,US,2022-11-15 08:09:44,32.296,-81.2354,56.86,82,75,5.75
127,Alice,US,2022-11-15 08:09:40,27.7523,-98.0697,53.51,90,75,11.5
128,Saskylakh,RU,2022-11-15 08:09:45,71.9167,114.0833,-8.64,93,100,8.75
129,Poya,NC,2022-11-15 08:09:45,-21.35,165.15,75.47,74,9,5.7
130,Vao,NC,2022-11-15 08:09:45,-22.6667,167.4833,74.1,80,76,16.22
131,Wilmington,US,2022-11-15 08:04:52,34.2257,-77.9447,49.95,78,100,10.36
132,Wanning,CN,2022-11-15 08:09:45,18.8003,110.3967,80.67,78,11,9.46
133,Strezhevoy,RU,2022-11-15 08:09:46,60.7333,77.5889,13.77,92,100,13.18
134,Bemidji,US,2022-11-15 08:09:46,47.4736,-94.8803,25.92,97,0,0.0
135,Ahipara,NZ,2022-11-15 08:09:46,-35.1667,173.1667,62.85,91,100,6.6
136,Zhigansk,RU,2022-11-15 08:09:46,66.7697,123.3711,-29.33,99,64,4.27
137,Meadow Lake,US,2022-11-15 08:08:42,34.8014,-106.5436,37.11,52,0,1.63
138,Soavinandriana,MG,2022-11-15 08:09:47,-19.1667,46.7333,77.02,43,1,2.37
139,Cidreira,BR,2022-11-15 08:10:47,-30.1811,-50.2056,62.6,73,1,11.54
140,Kapaa,US,2022-11-15 08:10:47,22.0752,-159.319,75.52,80,20,18.41
141,San Rafael,AR,2022-11-15 08:10:47,-34.6177,-68.3301,63.03,45,23,3.89
142,Provideniya,RU,2022-11-15 08:10:48,64.3833,-173.3,29.23,83,100,12.41
143,Tambilil,PH,2022-11-15 08:10:48,5.9622,124.6697,83.34,84,100,3.2
144,Faanui,PF,2022-11-15 08:10:48,-16.4833,-151.75,78.8,80,96,6.24
145,Lorengau,PG,2022-11-15 08:10:49,-2.0226,147.2712,82.02,77,74,2.89
146,Vuktyl,RU,2022-11-15 08:10:49,63.8567,57.3094,-0.76,95,96,3.67
147,Aksarka,RU,2022-11-15 08:10:49,66.5606,67.7975,-6.45,93,24,3.89
148,Kushima,JP,2022-11-15 08:10:49,31.4583,131.2333,61.41,60,86,9.46
149,Port Blair,IN,2022-11-15 08:10:50,11.6667,92.75,81.25,78,100,7.2
150,Gazli,UZ,2022-11-15 08:10:50,40.1333,63.45,50.95,37,100,15.77
151,Caravelas,BR,2022-11-15 08:10:50,-17.7125,-39.2481,74.97,92,100,7.63
152,Kahului,US,2022-11-15 08:10:50,20.8947,-156.47,75.85,80,40,6.91
153,Nikolskoye,RU,2022-11-15 08:10:51,59.7035,30.7861,31.91,98,100,6.08
154,Rampura,IN,2022-11-15 08:10:51,30.25,75.2333,81.73,28,2,6.26
155,Waipawa,NZ,2022-11-15 08:09:04,-41.4122,175.5153,57.79,80,0,4.43
156,Esperance,AU,2022-11-15 08:10:51,-33.8667,121.9,64.76,57,2,14.32
157,Shelburne,CA,2022-11-15 08:10:51,44.0787,-80.2041,26.6,81,92,4.79
158,Manica,FR,2022-11-15 08:10:52,49.0,-1.1667,51.66,92,100,19.71
159,Wamba,NG,2022-11-15 08:10:52,8.9333,8.6,80.62,29,55,2.51
160,Portland,US,2022-11-15 08:08:10,45.5234,-122.6762,44.58,60,0,17.27
161,Bubaque,GW,2022-11-15 08:10:52,11.2833,-15.8333,82.98,67,100,8.77
162,Cloquet,US,2022-11-15 08:10:53,46.7216,-92.4594,29.61,97,100,3.44
163,Souillac,MU,2022-11-15 08:10:53,-20.5167,57.5167,75.74,53,10,15.17
164,Peace River,CA,2022-11-15 08:09:06,56.2501,-117.286,23.74,93,77,7.02
165,Atar,MR,2022-11-15 08:10:53,20.5169,-13.0499,76.53,30,11,7.67
166,Hofn,IS,2022-11-15 08:10:53,64.2539,-15.2082,45.54,95,100,17.2
167,Cravo Norte,CO,2022-11-15 08:10:54,6.3017,-70.2041,74.39,93,14,6.17
168,Isangel,VU,2022-11-15 08:10:54,-19.55,169.2667,76.3,68,0,6.06
169,Antofagasta,CL,2022-11-15 08:06:03,-23.65,-70.4,61.88,87,52,3.98
170,Buenos Aires,AR,2022-11-15 08:10:54,-34.6132,-58.3772,62.33,70,0,4.61
171,Laguna,US,2022-11-15 08:10:55,38.421,-121.4238,50.09,84,0,5.75
172,Namibe,AO,2022-11-15 08:10:55,-15.1961,12.1522,70.74,65,90,7.14
173,Yerbogachen,RU,2022-11-15 08:10:55,61.2767,108.0108,-11.13,93,74,7.14
174,Shimoda,JP,2022-11-15 08:10:55,34.6667,138.95,55.11,79,78,5.73
175,Dikson,RU,2022-11-15 08:10:56,73.5069,80.5464,5.13,95,100,10.8
176,Tiksi,RU,2022-11-15 08:10:56,71.6872,128.8694,-11.72,90,100,11.41
177,Tuatapere,NZ,2022-11-15 08:10:34,-46.1333,167.6833,59.79,57,100,5.14
178,Parrita,CR,2022-11-15 08:10:56,9.5201,-84.3225,74.46,84,29,3.87
179,Hithadhoo,MV,2022-11-15 08:10:56,-0.6,73.0833,81.59,77,96,13.87
180,Jijiga,ET,2022-11-15 08:10:57,9.35,42.8,72.77,15,0,11.16
181,Biggar,GB,2022-11-15 08:10:57,55.6167,-3.5167,49.3,89,100,12.19
182,Ozernovskiy,RU,2022-11-15 08:10:57,51.5,156.5167,35.51,84,100,32.64
183,Chara,RU,2022-11-15 08:10:58,56.9064,118.2631,0.45,97,91,0.72
184,Norman Wells,CA,2022-11-15 08:10:58,65.282,-126.8329,18.34,87,100,18.95
185,Kaitangata,NZ,2022-11-15 08:10:58,-46.2817,169.8464,55.71,90,100,3.06
186,Horasan,TR,2022-11-15 08:10:58,40.0458,42.1728,42.49,59,16,2.13
187,Nanortalik,GL,2022-11-15 08:10:59,60.1432,-45.2371,31.8,95,99,4.12
188,Tayoltita,MX,2022-11-15 08:11:59,24.0833,-105.9333,55.54,42,16,6.46
189,Kshenskiy,RU,2022-11-15 08:11:59,51.8408,37.7136,32.45,54,100,4.59
190,Kapuskasing,CA,2022-11-15 08:07:02,49.4169,-82.4331,15.21,97,100,2.15
191,Taoudenni,ML,2022-11-15 08:12:00,22.6783,-3.9836,75.22,15,35,10.6
192,Tuy Hoa,VN,2022-11-15 08:12:00,13.0833,109.3,80.33,84,63,9.37
193,Palana,RU,2022-11-15 08:12:00,59.1167,159.9667,27.07,80,100,27.78
194,Catuday,PH,2022-11-15 08:12:00,16.2923,119.8062,85.19,66,9,5.57
195,Camacha,PT,2022-11-15 08:12:01,33.0833,-16.3333,63.82,82,40,4.61
196,Junin,AR,2022-11-15 08:08:15,-34.5838,-60.9433,58.19,51,0,10.16
197,Innisfail,AU,2022-11-15 08:12:01,-17.5333,146.0333,80.15,69,63,5.23
198,Nelson Bay,AU,2022-11-15 08:12:01,-32.7167,152.15,71.1,70,85,11.01
199,Nouakchott,MR,2022-11-15 08:12:01,18.0858,-15.9785,64.33,41,8,9.31
200,Okhotsk,RU,2022-11-15 08:12:02,59.3833,143.3,14.41,93,100,7.74
201,Traverse City,US,2022-11-15 08:12:02,44.7631,-85.6206,32.2,86,0,0.0
202,Mto Wa Mbu,TZ,2022-11-15 08:12:03,-3.35,35.85,81.45,47,76,6.22
203,Porto Walter,BR,2022-11-15 08:12:03,-8.2686,-72.7439,72.61,94,90,0.74
204,Cap Malheureux,MU,2022-11-15 08:12:03,-19.9842,57.6142,78.48,54,0,11.01
205,Port Elizabeth,ZA,2022-11-15 08:12:03,-33.918,25.5701,88.11,57,0,5.75
206,Uvalde,US,2022-11-15 08:12:04,29.3669,-99.767,45.59,57,0,0.0
207,Kyra,RU,2022-11-15 08:12:04,49.5776,111.9753,30.69,56,87,5.53
208,Saint Anthony,US,2022-11-15 08:12:05,45.0205,-93.218,30.96,89,100,11.5
209,Waverly,US,2022-11-15 08:12:05,42.7392,-84.6208,35.76,65,100,5.75
210,Iqaluit,CA,2022-11-15 08:12:05,63.7506,-68.5145,-0.26,98,79,10.56
211,Yanaul,RU,2022-11-15 08:12:05,56.2719,54.9309,19.8,75,100,14.43
212,Sibolga,ID,2022-11-15 08:12:06,1.7427,98.7792,76.84,92,100,1.54
213,Thompson,CA,2022-11-15 08:12:06,55.7435,-97.8558,-0.85,100,75,3.15
214,Kostomuksha,RU,2022-11-15 08:12:07,64.571,30.5767,30.33,84,100,7.29
215,Nizhniy Ingash,RU,2022-11-15 08:12:07,56.2,96.53,36.66,82,100,3.65
216,Gat,IL,2022-11-15 08:12:07,31.61,34.7642,71.4,100,72,9.75
217,Los Llanos De Aridane,ES,2022-11-15 08:12:08,28.6585,-17.9182,74.12,27,0,10.0
218,Beira,MZ,2022-11-15 08:12:08,-19.8436,34.8389,77.41,68,90,11.39
219,Marsa Matruh,EG,2022-11-15 08:12:08,31.3525,27.2453,67.12,60,48,7.94
220,Flinders,AU,2022-11-15 08:12:09,-34.5833,150.8552,66.25,76,31,13.53
221,Puerto Quijarro,BO,2022-11-15 08:12:09,-17.7833,-57.7667,69.78,98,96,3.44
222,Kawalu,ID,2022-11-15 08:12:09,-7.3817,108.2082,77.29,91,100,0.51
223,Golspie,GB,2022-11-15 08:12:09,57.9727,-3.978,53.96,89,100,23.42
224,Katsuura,JP,2022-11-15 08:12:10,35.1333,140.3,56.44,87,82,14.99
225,Klaksvik,FO,2022-11-15 08:12:10,62.2266,-6.589,50.92,84,100,34.47
226,Mansa,IN,2022-11-15 08:12:10,29.9833,75.3833,81.86,29,12,5.99
227,Clyde River,CA,2022-11-15 08:12:11,70.4692,-68.5914,-6.5,80,2,6.53
228,Padang,ID,2022-11-15 08:12:11,-0.9492,100.3543,82.45,84,100,7.4
229,Viedma,AR,2022-11-15 08:12:11,-40.8135,-62.9967,57.58,59,0,5.79
230,Hailar,CN,2022-11-15 08:12:12,49.2,119.7,23.65,67,56,11.7
231,Susangerd,IR,2022-11-15 08:12:12,31.5608,48.1831,75.4,21,87,6.13
232,Arlit,NE,2022-11-15 08:13:12,18.7369,7.3853,71.26,17,66,4.47
233,Lexington,US,2022-11-15 08:11:03,37.9887,-84.4777,37.4,70,0,8.05
234,Ayacucho,PE,2022-11-15 08:13:13,-13.1583,-74.2239,56.64,78,89,2.84
235,Torbay,CA,2022-11-15 08:13:13,47.6666,-52.7314,41.76,83,88,10.0
236,Trinidad,BO,2022-11-15 08:13:13,-14.8333,-64.9,70.92,98,100,4.03
237,Zeya,RU,2022-11-15 08:13:13,53.75,127.2667,16.93,96,100,2.68
238,Tambura,SS,2022-11-15 08:13:14,5.6,27.4667,84.72,37,67,4.09
239,Pointe Michel,DM,2022-11-15 08:13:14,15.25,-61.3833,80.26,77,89,15.9
240,Hengshui,CN,2022-11-15 08:13:14,37.7322,115.7011,60.89,23,0,3.44
241,El Dorado,US,2022-11-15 08:13:15,38.7666,-120.5177,43.32,70,1,3.0
242,Valverde Del Camino,ES,2022-11-15 08:13:15,37.5751,-6.7543,61.03,98,100,2.84
243,Haines Junction,CA,2022-11-15 08:13:15,60.7522,-137.5108,25.27,97,100,3.09
244,Salalah,OM,2022-11-15 08:13:16,17.0151,54.0924,87.89,40,0,10.36
245,Takoradi,GH,2022-11-15 08:13:16,4.8845,-1.7554,81.12,77,79,6.06
246,Finnsnes,NO,2022-11-15 08:13:16,69.2296,17.9811,21.81,95,76,3.47
247,Kota Tinggi,MY,2022-11-15 08:13:17,1.7381,103.8999,89.64,81,100,3.69
248,Shitanjing,CN,2022-11-15 08:13:17,39.2342,106.3439,45.1,16,100,0.85
249,Serafimovskiy,RU,2022-11-15 08:13:17,54.4241,53.7964,20.19,86,100,13.96
250,Victoria,HK,2022-11-15 08:11:49,22.2855,114.1577,85.17,75,9,8.99
251,Coahuayana,MX,2022-11-15 08:13:18,18.7333,-103.6833,72.09,88,53,3.53
252,Naze,JP,2022-11-15 08:13:18,28.3667,129.4833,64.4,82,100,10.0
253,Vostok,RU,2022-11-15 08:13:18,46.4856,135.8833,13.95,91,15,1.57
254,Nouadhibou,MR,2022-11-15 08:13:19,20.931,-17.0347,71.33,54,0,6.42
255,Thies,SN,2022-11-15 08:13:19,14.8342,-17.1061,75.85,100,100,8.05
256,Half Moon Bay,US,2022-11-15 08:13:19,37.4636,-122.4286,52.75,73,0,3.44
257,Barcelona,ES,2022-11-15 08:11:29,41.3888,2.159,67.53,72,0,6.91
258,Paciran,ID,2022-11-15 08:13:19,-6.8767,112.3761,84.9,68,100,7.45
259,Ponta Delgada,PT,2022-11-15 08:13:20,37.7333,-25.6667,61.52,82,75,4.61
260,Koundara,GN,2022-11-15 08:13:20,12.4833,-13.3,75.79,70,92,3.42
261,Kununurra,AU,2022-11-15 08:13:20,-15.7667,128.7333,93.18,46,75,14.97
262,Thaton,MM,2022-11-15 08:13:21,16.9206,97.3714,86.25,63,100,5.75
263,Muros,ES,2022-11-15 08:13:21,42.7762,-9.0603,56.84,94,81,14.18
264,Samarai,PG,2022-11-15 08:13:21,-10.6167,150.6667,84.04,77,100,9.26
265,Parfino,RU,2022-11-15 08:13:22,57.9731,31.6481,34.23,96,100,6.62
266,Esmeraldas,BR,2022-11-15 08:13:22,-19.7625,-44.3139,67.06,97,100,6.08
267,Fairview,US,2022-11-15 08:13:22,40.8126,-73.999,38.25,60,0,9.22
268,Pak Phanang,TH,2022-11-15 08:13:22,8.3511,100.202,76.32,93,100,7.29
269,Ostrovnoy,RU,2022-11-15 08:13:23,68.0531,39.5131,27.68,89,81,9.22
270,Churapcha,RU,2022-11-15 08:13:23,62.0025,132.4325,-33.75,100,100,4.27
271,Yarmouth,US,2022-11-15 08:13:23,41.7057,-70.2286,40.96,71,0,13.0
272,Mount Gambier,AU,2022-11-15 08:13:23,-37.8333,140.7667,50.77,62,74,9.46
273,Kalmunai,LK,2022-11-15 08:13:24,7.4167,81.8167,82.81,72,82,8.21
274,Maningrida,AU,2022-11-15 08:13:24,-12.0667,134.2667,88.25,59,81,10.0
275,Karratha,AU,2022-11-15 08:13:24,-20.7377,116.8463,80.44,47,80,14.09
276,Solnechnyy,RU,2022-11-15 08:14:24,50.7214,136.6319,18.25,87,5,3.18
277,Marzuq,YE,2022-11-15 08:14:25,14.4,46.4667,76.86,20,0,7.61
278,Pushkar,IN,2022-11-15 08:14:25,26.5,74.55,83.1,23,0,9.06
279,Koping,SE,2022-11-15 08:14:25,59.514,15.9926,44.19,75,100,11.25
280,Eskisehir,TR,2022-11-15 08:10:13,39.7767,30.5206,37.27,100,40,2.3
281,Kaeo,NZ,2022-11-15 08:14:26,-35.1,173.7833,66.33,87,74,5.86
282,Balabac,PH,2022-11-15 08:14:26,7.9868,117.0645,84.74,71,93,5.46
283,Paamiut,GL,2022-11-15 08:14:26,61.994,-49.6678,28.04,84,100,12.41
284,Saint-Augustin,CA,2022-11-15 08:14:27,51.226,-58.6502,26.28,80,100,13.76
285,Bambous Virieux,MU,2022-11-15 08:14:27,-20.3428,57.7575,78.22,48,23,13.49
286,Taltal,CL,2022-11-15 08:14:28,-25.4,-70.4833,59.56,90,53,8.19
287,Llangefni,GB,2022-11-15 08:14:28,53.2556,-4.3106,52.66,97,100,6.91
288,San Cristobal,VE,2022-11-15 08:14:28,7.7669,-72.225,64.38,93,16,1.1
289,Fort Nelson,CA,2022-11-15 08:14:29,58.8053,-122.7002,31.03,78,87,4.56
290,Los Altos,US,2022-11-15 08:14:29,37.3852,-122.1141,51.94,75,0,4.61
291,Vila Franca Do Campo,PT,2022-11-15 08:14:29,37.7167,-25.4333,61.21,90,98,5.21
292,Sao Gabriel Da Cachoeira,BR,2022-11-15 08:14:30,-0.1303,-67.0892,74.41,97,98,1.05
293,Dzerzhinskoye,RU,2022-11-15 08:14:30,56.8344,95.2283,38.43,79,100,5.95
294,Champerico,GT,2022-11-15 08:14:30,14.3,-91.9167,77.59,87,84,5.86
295,Coquimbo,CL,2022-11-15 08:14:30,-29.9533,-71.3436,56.93,100,0,2.3
296,Khash,IR,2022-11-15 08:14:31,28.2211,61.2158,69.85,33,6,10.85
297,Alta Floresta,BR,2022-11-15 08:14:31,-9.8756,-56.0861,69.01,98,100,3.69
298,Krasnoselkup,RU,2022-11-15 08:14:31,65.7,82.4667,-12.46,90,61,10.33
299,Tyrma,RU,2022-11-15 08:14:32,50.0833,132.1667,16.56,94,98,1.77
300,Port Macquarie,AU,2022-11-15 08:14:32,-31.4333,152.9167,68.9,67,16,3.31
301,Fengzhen,CN,2022-11-15 08:14:32,40.4394,113.1536,39.29,37,0,7.54
302,The Valley,AI,2022-11-15 08:12:55,18.217,-63.0578,79.11,76,100,22.12
303,Severo-Kurilsk,RU,2022-11-15 08:14:32,50.6789,156.125,35.17,79,95,33.42
304,Praya,CV,2022-11-15 08:14:33,14.9215,-23.5087,73.94,73,40,8.05
305,Zhenjiang,CN,2022-11-15 08:14:33,32.2092,119.4342,59.81,56,23,2.62
306,Sur,OM,2022-11-15 08:14:33,22.5667,59.5289,87.31,38,0,5.35
307,Cam Ranh,VN,2022-11-15 08:14:34,11.9214,109.1591,84.16,79,40,11.5
308,Olenino,RU,2022-11-15 08:14:34,56.2092,33.4889,32.05,81,100,8.41
309,Plouzane,FR,2022-11-15 08:14:34,48.3833,-4.6167,52.12,96,100,9.22
310,Kokstad,ZA,2022-11-15 08:14:34,-30.5472,29.4241,74.25,33,7,4.59
311,Ornskoldsvik,SE,2022-11-15 08:14:35,63.2909,18.7153,32.95,93,0,4.61
312,Dingle,PH,2022-11-15 08:14:35,10.9995,122.6711,82.49,83,100,9.51
313,Bonavista,CA,2022-11-15 08:14:35,48.6499,-53.1147,36.86,85,100,30.29
314,Sioux Lookout,CA,2022-11-15 08:14:36,50.1001,-91.917,18.25,91,100,5.7
315,Ballina,AU,2022-11-15 08:14:36,-28.8667,153.5667,73.02,78,0,8.75
316,Collierville,US,2022-11-15 08:14:36,35.042,-89.6645,42.8,91,100,0.0
317,Knysna,ZA,2022-11-15 08:14:36,-34.0363,23.0471,73.09,52,85,11.61
318,Barmer,IN,2022-11-15 08:14:37,25.75,71.3833,84.51,32,0,2.15
319,Abu Kamal,SY,2022-11-15 08:14:37,34.4506,40.9171,72.66,33,30,8.57
320,Pacific Grove,US,2022-11-15 08:15:37,36.6177,-121.9166,48.42,90,0,4.61
321,Tasiilaq,GL,2022-11-15 08:15:37,65.6145,-37.6368,32.16,89,100,4.65
322,Sao Felix Do Xingu,BR,2022-11-15 08:15:38,-6.6447,-51.995,70.84,98,100,1.52
323,Tolbazy,RU,2022-11-15 08:15:38,54.0241,55.8825,21.09,90,100,15.64
324,Talara,PE,2022-11-15 08:15:38,-4.5772,-81.2719,63.46,87,87,15.21
325,Pingliang,CN,2022-11-15 08:15:38,35.5392,106.6861,52.29,37,95,11.25
326,Oranjemund,NA,2022-11-15 08:15:39,-28.55,16.4333,65.79,71,7,8.21
327,Fegyvernek,HU,2022-11-15 08:15:39,47.2667,20.5333,41.02,59,24,3.42
328,Wahiawa,US,2022-11-15 08:15:39,21.5028,-158.0236,73.76,79,75,3.44
329,Santa Catalina,PH,2022-11-15 08:15:39,9.3337,122.8637,87.78,75,92,1.48
330,Andapa,MG,2022-11-15 08:15:40,-14.65,49.65,84.2,45,75,4.83
331,Businga,CD,2022-11-15 08:15:40,3.3333,20.8833,84.72,55,91,1.92
332,Xuanzhou,CN,2022-11-15 08:15:40,30.9525,118.7553,61.65,49,84,2.95
333,Demirci,TR,2022-11-15 08:15:40,39.0461,28.6589,54.1,35,45,1.36
334,Nara,JP,2022-11-15 08:12:32,34.6851,135.8049,63.5,33,70,6.87
335,Noumea,NC,2022-11-15 08:14:12,-22.2763,166.4572,73.38,79,1,8.99
336,Jacareacanga,BR,2022-11-15 08:15:41,-6.2222,-57.7528,71.58,99,100,1.36
337,Itapecerica,BR,2022-11-15 08:15:41,-20.4725,-45.1256,64.06,97,91,3.31
338,Sisimiut,GL,2022-11-15 08:15:41,66.9395,-53.6735,20.14,92,100,9.91
339,Sola,VU,2022-11-15 08:15:41,-13.8833,167.55,82.09,67,1,0.65
340,Saldanha,ZA,2022-11-15 08:15:42,-33.0117,17.9442,66.02,64,46,10.63
341,Frankfurt,DE,2022-11-15 08:12:30,50.1167,8.6833,53.42,89,100,1.14
342,Kavaratti,IN,2022-11-15 08:15:42,10.5669,72.642,81.21,73,100,3.87
343,Dalbandin,PK,2022-11-15 08:15:42,28.8947,64.4101,72.72,21,0,1.63
344,Beoumi,CI,2022-11-15 08:15:43,7.6736,-5.5764,75.76,84,82,1.95
345,Benguela,AO,2022-11-15 08:15:43,-12.5763,13.4055,76.19,65,100,4.9
346,Road Town,VG,2022-11-15 08:15:43,18.4167,-64.6167,78.89,77,81,21.72
347,Calabozo,VE,2022-11-15 08:15:43,8.9242,-67.4293,73.56,89,4,5.12
348,Codrington,AU,2022-11-15 08:15:44,-38.2667,141.9667,50.2,58,98,15.73
349,Zapolyarnyy,RU,2022-11-15 08:15:44,69.4154,30.8136,31.28,95,100,16.91
350,Ler,SS,2022-11-15 08:15:44,8.3018,30.1418,89.37,24,45,7.0
351,Shitkino,RU,2022-11-15 08:15:44,56.3703,98.3543,35.73,93,100,3.8
352,Deputatskiy,RU,2022-11-15 08:15:45,69.3,139.9,-30.35,99,36,4.74
353,Faro,PT,2022-11-15 08:13:54,37.0194,-7.9322,64.96,94,40,9.22
354,Kohtla-Jarve,EE,2022-11-15 08:15:45,59.3986,27.2731,41.74,94,100,13.56
355,Acapulco,MX,2022-11-15 08:15:45,16.8634,-99.8901,76.82,94,40,2.3
356,Rocha,UY,2022-11-15 08:15:45,-34.4833,-54.3333,62.38,65,85,16.67
357,Tilichiki,RU,2022-11-15 08:15:46,60.4667,166.1,31.03,92,100,30.0
358,Sambava,MG,2022-11-15 08:15:46,-14.2667,50.1667,80.78,65,19,10.13
359,Mitu,CO,2022-11-15 08:15:46,1.1983,-70.1733,71.98,99,100,0.6
360,Namatanai,PG,2022-11-15 08:15:46,-3.6667,152.4333,80.13,74,100,9.66
361,Hobyo,SO,2022-11-15 08:15:47,5.3505,48.5268,84.96,57,47,14.18
362,Kupang,ID,2022-11-15 08:15:47,-10.1667,123.5833,86.58,84,75,4.61
363,Kerman,IR,2022-11-15 08:15:47,30.2832,57.0788,64.26,25,0,11.5
364,Bud,US,2022-11-15 08:15:47,39.447,-86.1758,37.06,75,100,7.4
365,Bilma,NE,2022-11-15 08:15:48,18.6853,12.9164,69.33,25,12,14.85
366,Boralday,KZ,2022-11-15 08:16:48,43.3578,76.8594,48.06,49,100,4.47
367,Mount Isa,AU,2022-11-15 08:16:48,-20.7333,139.5,85.77,21,100,13.8
368,Sorland,NO,2022-11-15 08:16:48,67.667,12.6934,42.66,81,20,20.71
369,Orthez,FR,2022-11-15 08:16:49,43.4884,-0.7724,53.76,73,99,3.87
370,Sobolevo,RU,2022-11-15 08:16:49,54.4299,31.8996,33.76,80,95,9.78
371,Yulara,AU,2022-11-15 08:16:49,-25.2406,130.9889,85.37,17,100,7.49
372,Ylivieska,FI,2022-11-15 08:16:49,64.0833,24.55,35.31,92,61,4.7
373,Narsaq,GL,2022-11-15 08:16:50,60.9167,-46.05,34.02,93,100,6.46
374,Labytnangi,RU,2022-11-15 08:16:50,66.6572,66.4183,-6.88,90,19,3.56
375,Leshan,CN,2022-11-15 08:16:50,29.5623,103.7639,62.11,58,99,3.4
376,Vanimo,PG,2022-11-15 08:16:50,-2.6741,141.3028,76.44,90,100,4.0
377,Severomuysk,RU,2022-11-15 08:16:51,56.1481,113.4267,2.7,98,64,3.67
378,Barra Do Bugres,BR,2022-11-15 08:16:51,-15.0725,-57.1811,70.27,95,97,2.19
379,Boyolangu,ID,2022-11-15 08:16:51,-8.1181,111.8935,82.35,80,100,5.37
380,Gannan,CN,2022-11-15 08:16:51,47.9147,123.5031,31.51,38,49,4.65
381,Biloela,AU,2022-11-15 08:16:52,-24.4167,150.5,84.47,30,9,1.95
382,Nishihara,JP,2022-11-15 08:16:52,26.1842,127.7558,72.68,78,100,13.8
383,Vung Tau,VN,2022-11-15 08:16:52,10.346,107.0843,82.08,78,94,16.6
384,Aklavik,CA,2022-11-15 08:16:52,68.2191,-135.0107,10.13,89,100,8.46
385,Tsiroanomandidy,MG,2022-11-15 08:16:53,-18.7667,46.0333,84.52,45,25,2.39
386,Umm Lajj,SA,2022-11-15 08:16:53,25.0213,37.2685,81.7,52,0,5.57
387,Harbour Breton,CA,2022-11-15 08:16:53,47.4833,-55.7983,40.39,73,95,24.47
388,Tyler,US,2022-11-15 08:16:23,32.3513,-95.3011,41.63,94,100,9.22
389,Owatonna,US,2022-11-15 08:16:54,44.0839,-93.226,31.87,72,100,6.91
390,Port-Gentil,GA,2022-11-15 08:16:54,-0.7193,8.7815,80.56,83,20,11.5
391,Zaraza,VE,2022-11-15 08:16:54,9.3503,-65.3245,71.37,97,36,3.67
392,North Battleford,CA,2022-11-15 08:15:09,52.7834,-108.2847,13.12,99,99,5.19
393,Aykhal,RU,2022-11-15 08:16:54,66.0,111.5,-20.29,99,80,6.93
394,Gravdal,NO,2022-11-15 08:16:55,68.1214,13.5031,33.69,93,20,4.61
395,Semey,KZ,2022-11-15 08:16:55,50.4111,80.2275,41.22,81,75,26.84
396,Chuy,UY,2022-11-15 08:16:55,-33.6971,-53.4616,59.04,83,98,13.49
397,Itapetinga,BR,2022-11-15 08:16:55,-15.2489,-40.2478,71.11,89,100,0.13
398,Ribeira Grande,PT,2022-11-15 08:16:56,38.5167,-28.7,61.2,88,40,12.66
399,Grand Gaube,MU,2022-11-15 08:16:56,-20.0064,57.6608,81.0,53,0,11.99
400,Carutapera,BR,2022-11-15 08:16:56,-1.195,-46.02,78.44,79,61,9.98
401,Nacala,MZ,2022-11-15 08:16:56,-14.5428,40.6728,89.69,47,39,7.7
402,Along,IN,2022-11-15 08:16:57,28.1667,94.7667,80.53,33,0,2.04
403,Palora,EC,2022-11-15 08:16:57,-1.7,-77.9333,63.99,97,100,2.91
404,Urumqi,CN,2022-11-15 08:16:57,43.801,87.6005,36.55,70,100,2.24
405,Mitsamiouli,KM,2022-11-15 08:16:57,-11.3847,43.2844,81.1,71,40,10.58
406,Cayenne,GF,2022-11-15 08:16:58,4.9333,-52.3333,73.44,100,40,0.0
407,Puerto Baquerizo Moreno,EC,2022-11-15 08:12:42,-0.9,-89.6,68.5,78,63,7.54
408,Vardo,NO,2022-11-15 08:16:58,70.3705,31.1107,37.38,81,75,12.66
409,Santarem,BR,2022-11-15 08:16:58,-2.4431,-54.7083,80.73,83,0,18.41
410,Kodiak,US,2022-11-15 08:16:58,57.79,-152.4072,35.11,93,0,6.91
411,Tura,IN,2022-11-15 08:16:59,25.5198,90.2201,76.95,58,1,3.4
412,Waspan,NI,2022-11-15 08:16:59,14.7419,-83.9717,72.28,98,47,2.35
413,Ust-Nera,RU,2022-11-15 08:16:59,64.5667,143.2,-9.96,98,100,5.28
414,Inta,RU,2022-11-15 08:17:59,66.0317,60.1659,-7.62,90,28,4.18
415,America Dourada,BR,2022-11-15 08:18:00,-11.4553,-41.4361,69.08,88,99,5.79
416,Kamaishi,JP,2022-11-15 08:18:00,39.2667,141.8833,51.24,66,7,8.23
417,Tshikapa,CD,2022-11-15 08:18:00,-6.4167,20.8,74.19,85,100,1.86
418,Marawi,PH,2022-11-15 08:18:01,7.9986,124.2928,76.6,84,100,5.46
419,Savona,IT,2022-11-15 08:18:01,44.3,8.2667,50.74,86,100,6.62
420,Zambrow,PL,2022-11-15 08:18:01,52.9855,22.2432,42.87,80,15,5.12
421,Chapais,CA,2022-11-15 08:18:01,49.7834,-74.8492,19.18,95,100,7.07
422,Broome,US,2022-11-15 08:18:02,42.2506,-75.833,32.38,77,100,0.0
423,Ternate,ID,2022-11-15 08:18:02,0.8,127.4,84.69,70,92,5.44
424,Berbera,SO,2022-11-15 08:14:13,10.4396,45.0143,84.87,47,0,11.86
425,Belmonte,BR,2022-11-15 08:18:02,-15.8631,-38.8828,74.77,91,100,6.15
426,Leningradskiy,RU,2022-11-15 08:18:02,69.3833,178.4167,-10.79,95,32,3.94
427,Praia,CV,2022-11-15 08:14:33,14.9215,-23.5087,73.94,73,40,8.05
428,Sfantu Gheorghe,RO,2022-11-15 08:18:03,45.8667,25.7833,46.56,55,53,0.43
429,Sayyan,YE,2022-11-15 08:18:03,15.1718,44.3244,61.9,19,0,5.46
430,Ereymentau,KZ,2022-11-15 08:18:03,51.6199,73.1033,31.95,84,99,27.72
431,Pochutla,MX,2022-11-15 08:18:04,15.7432,-96.4661,73.81,86,2,3.09
432,Necochea,AR,2022-11-15 08:18:04,-38.5473,-58.7368,54.95,86,0,14.99
433,Severodvinsk,RU,2022-11-15 08:14:26,64.5635,39.8302,28.51,94,100,6.8
434,Komsomolskiy,UZ,2022-11-15 08:18:04,40.4272,71.7189,56.12,44,56,6.91
435,Touros,BR,2022-11-15 08:18:04,-5.1989,-35.4608,77.22,75,95,8.57
436,Kabansk,RU,2022-11-15 08:18:05,52.0486,106.6528,33.73,78,100,3.31
437,Gasa,PS,2022-11-15 08:18:05,31.5,34.4667,70.88,59,92,9.66
438,Alice Springs,AU,2022-11-15 08:13:08,-23.7,133.8833,88.21,40,66,10.36
439,Gimli,CA,2022-11-15 08:18:05,50.6336,-96.9907,24.82,86,78,11.5
440,Mariani,IN,2022-11-15 08:18:06,26.6667,94.3333,76.89,58,0,2.21
441,Luanda,AO,2022-11-15 08:17:35,-8.8368,13.2343,77.0,73,75,8.05
442,Acarau,BR,2022-11-15 08:18:06,-2.8856,-40.12,78.84,77,100,14.07
443,Chhatarpur,IN,2022-11-15 08:18:06,24.9,79.6,82.54,26,0,5.32
444,Rawson,AR,2022-11-15 08:18:06,-43.3002,-65.1023,62.06,54,0,9.75
445,Normandin,CA,2022-11-15 08:13:32,48.8333,-72.5321,24.66,79,20,8.77
446,Bazarnyy Syzgan,RU,2022-11-15 08:18:07,53.7512,46.7535,28.08,78,100,16.22
447,Ust-Tsilma,RU,2022-11-15 08:18:07,65.441,52.1498,0.32,99,89,2.62
448,Jasrana,IN,2022-11-15 08:18:07,27.25,78.6833,82.53,28,0,4.94
449,Artesia,US,2022-11-15 08:18:08,33.8658,-118.0831,59.49,73,0,0.0
450,Nuuk,GL,2022-11-15 08:15:17,64.1835,-51.7216,25.41,80,100,8.05
451,Saint-Joseph,RE,2022-11-15 08:18:08,-21.3667,55.6167,79.18,56,14,13.42
452,San Antonio,US,2022-11-15 08:17:56,29.4241,-98.4936,48.31,70,0,12.66
453,Bantry,IE,2022-11-15 08:18:08,51.6833,-9.45,49.78,74,76,6.98
454,Merritt Island,US,2022-11-15 08:13:51,28.5392,-80.672,73.0,87,0,0.0
455,Palafrugell,ES,2022-11-15 08:18:09,41.9174,3.1631,65.77,44,100,10.2
456,Tezu,IN,2022-11-15 08:18:09,27.9167,96.1667,79.07,30,0,2.64
457,Lyuban,BY,2022-11-15 08:18:09,52.7985,28.0048,38.34,77,95,8.25
458,Dongsheng,CN,2022-11-15 08:18:09,39.8161,109.9776,41.23,26,0,5.97
459,Paraisopolis,BR,2022-11-15 08:19:10,-22.5542,-45.78,65.03,96,100,1.05
460,Male,MV,2022-11-15 08:19:10,4.1748,73.5089,85.95,74,75,14.97
461,Santiago Del Estero,AR,2022-11-15 08:19:10,-27.7951,-64.2615,66.09,37,0,6.69
462,Riyadh,SA,2022-11-15 08:15:16,24.6877,46.7219,84.34,18,0,14.03
463,Beringovskiy,RU,2022-11-15 08:19:10,63.05,179.3167,33.8,86,100,24.61
464,Mpongwe,ZM,2022-11-15 08:19:11,-13.5091,28.155,65.46,94,100,4.7
465,Margate,GB,2022-11-15 08:19:11,51.3813,1.3862,55.9,83,100,13.0
466,Verkhoyansk,RU,2022-11-15 08:19:11,67.5447,133.385,-32.26,100,77,1.54
467,Olinda,BR,2022-11-15 08:19:11,-8.0089,-34.8553,74.93,83,40,2.3
468,Da Nang,VN,2022-11-15 08:19:12,16.0678,108.2208,84.18,74,20,8.05
469,Varnavino,RU,2022-11-15 08:19:12,57.4035,45.0916,29.79,69,97,9.91
470,Carauari,BR,2022-11-15 08:19:12,-4.8828,-66.8958,72.52,98,100,0.58
471,Mayo,US,2022-11-15 08:19:12,38.8876,-76.5119,40.98,85,0,6.91
472,Pozo Colorado,PY,2022-11-15 08:19:13,-23.4923,-58.7972,63.1,54,0,3.18
473,Atascocita,US,2022-11-15 08:19:13,29.9988,-95.1766,48.11,82,100,17.27
474,Tupik,RU,2022-11-15 08:19:13,54.4253,119.9327,12.67,95,100,4.61
475,Sorong,ID,2022-11-15 08:19:14,-0.8833,131.25,84.31,76,100,8.12
476,Sitka,US,2022-11-15 08:19:14,57.0531,-135.33,48.09,81,100,10.36
477,Kenai,US,2022-11-15 08:19:14,60.5544,-151.2583,33.15,100,100,5.75
478,Peniche,PT,2022-11-15 08:19:14,39.3558,-9.3811,65.1,91,98,24.09
479,Usinsk,RU,2022-11-15 08:18:22,65.9939,57.5281,-2.36,95,19,6.17
480,Koslan,RU,2022-11-15 08:19:15,63.4564,48.8989,7.2,91,32,5.23
481,Sao Joao Da Barra,BR,2022-11-15 08:19:15,-21.6403,-41.0511,73.51,95,100,9.91
482,High Rock,BS,2022-11-15 08:19:15,26.6208,-78.2833,69.82,74,0,11.12
483,Victor Harbor,AU,2022-11-15 08:19:15,-35.5667,138.6167,55.0,67,63,1.01
484,Aloleng,PH,2022-11-15 08:19:16,16.1307,119.7824,87.69,66,19,3.65
485,Batagay-Alyta,RU,2022-11-15 08:19:16,67.8006,130.4114,-20.29,90,97,3.24
486,Mao,ES,2022-11-15 08:19:16,39.8885,4.2658,68.56,83,75,14.97
487,Kabanjahe,ID,2022-11-15 08:19:16,3.1001,98.4908,68.4,87,100,5.77
488,Kot Diji,PK,2022-11-15 08:19:17,27.3427,68.7083,77.02,30,0,7.81
489,Solihull,GB,2022-11-15 08:19:04,52.4143,-1.7809,52.92,95,75,16.11
490,Tinskoy,RU,2022-11-15 08:19:17,56.1525,96.9161,36.7,85,98,3.49
491,Alyangula,AU,2022-11-15 08:19:17,-13.8483,136.4192,87.4,62,75,4.65
492,Surgut,RU,2022-11-15 08:14:58,61.25,73.4167,1.58,78,40,11.18
493,Mecca,SA,2022-11-15 08:18:06,21.4267,39.8261,86.94,49,1,9.17
494,Kruisfontein,ZA,2022-11-15 08:19:18,-34.0033,24.7314,85.89,37,7,20.09
495,Ostrov,RU,2022-11-15 08:19:18,57.3439,28.3537,31.73,88,100,8.12
496,Natal,BR,2022-11-15 08:19:18,-5.795,-35.2094,74.05,94,40,1.14
497,Faridpur,BD,2022-11-15 08:19:18,23.6,89.8333,82.81,43,0,7.54
498,Inuvik,CA,2022-11-15 08:15:08,68.3499,-133.7218,5.27,96,100,6.89
499,Khasan,RU,2022-11-15 08:19:19,42.4308,130.6434,40.84,43,0,11.21
500,Korla,CN,2022-11-15 08:19:19,41.7597,86.1469,47.05,34,16,12.03
501,Makat,KZ,2022-11-15 08:19:19,47.6469,53.3463,32.85,43,95,21.23
502,Nome,US,2022-11-15 08:20:19,64.5011,-165.4064,21.27,68,100,6.91
503,Ayolas,PY,2022-11-15 08:20:20,-27.4,-56.9,57.22,53,0,4.16
504,Port Lincoln,AU,2022-11-15 08:20:20,-34.7333,135.8667,56.1,52,29,14.5
505,Flin Flon,CA,2022-11-15 08:20:20,54.7682,-101.865,4.55,98,75,3.96
506,Tiznit,MA,2022-11-15 08:20:21,29.5833,-9.5,67.96,24,0,5.19
507,Brae,GB,2022-11-15 08:20:21,60.3964,-1.353,50.81,81,100,31.36
508,Honiara,SB,2022-11-15 08:20:21,-9.4333,159.95,80.22,82,38,0.83
509,Khorixas,NA,2022-11-15 08:20:21,-20.3667,14.9667,80.29,14,1,4.81
510,Baykit,RU,2022-11-15 08:20:22,61.67,96.37,-0.24,97,100,5.1
511,Pimentel,PE,2022-11-15 08:20:22,-6.8367,-79.9342,61.57,90,98,9.06
512,Moyale,KE,2022-11-15 08:20:22,3.5167,39.0584,78.85,49,26,10.69
513,Goderich,CA,2022-11-15 08:20:22,43.7501,-81.7165,32.92,80,95,11.5
514,Brownwood,US,2022-11-15 08:18:29,31.7093,-98.9912,35.6,80,75,9.22
515,Bilibino,RU,2022-11-15 08:20:23,68.0546,166.4372,-22.14,100,19,4.07
516,Port Hedland,AU,2022-11-15 08:19:12,-20.3167,118.5667,82.45,42,75,10.36
517,Pueblo,US,2022-11-15 08:20:23,38.2545,-104.6091,33.75,59,100,3.0
518,San Patricio,US,2022-11-15 08:20:23,28.017,-97.5169,55.26,86,29,17.72
519,Lasa,IT,2022-11-15 08:20:23,46.6166,10.7002,40.08,73,61,2.98
520,Dothan,US,2022-11-15 08:15:33,31.2232,-85.3905,54.7,91,100,10.36
521,Lishui,CN,2022-11-15 08:20:24,28.4604,119.9103,58.26,93,100,3.31
522,Lompoc,US,2022-11-15 08:20:24,34.6391,-120.4579,41.58,100,100,4.61
523,Bakel,SN,2022-11-15 08:20:24,14.905,-12.4568,82.54,23,96,4.76
524,Lavrentiya,RU,2022-11-15 08:20:24,65.5833,-171.0,25.14,86,67,11.1
525,Tambacounda,SN,2022-11-15 08:17:20,13.7539,-13.7586,78.55,38,100,3.36
526,Muslyumovo,RU,2022-11-15 08:20:15,55.3033,53.1947,21.36,87,100,13.51
527,Dicabisagan,PH,2022-11-15 08:20:25,17.0818,122.4157,80.35,84,41,5.7
528,Reitz,ZA,2022-11-15 08:16:18,-27.8014,28.4273,67.68,59,56,8.88
529,Grootfontein,NA,2022-11-15 08:20:25,-19.5667,18.1167,83.41,33,61,13.04
530,Bauchi,NG,2022-11-15 08:20:25,10.5,10.0,76.66,21,12,7.0
531,Tucuma,BR,2022-11-15 08:20:26,-0.1833,-50.05,76.75,87,18,6.4
532,Bay City,US,2022-11-15 08:19:43,43.5945,-83.8889,30.42,78,0,4.61
533,Tukums,LV,2022-11-15 08:20:26,56.9669,23.1553,38.55,87,99,6.73
534,Burias,PH,2022-11-15 08:20:26,11.4463,122.5497,79.84,95,100,6.89
535,Lohardaga,IN,2022-11-15 08:20:26,23.4333,84.6833,74.89,34,0,10.47
536,Montreal,CA,2022-11-15 08:16:03,45.5088,-73.5878,30.0,66,75,5.75
537,Naberera,TZ,2022-11-15 08:20:27,-4.2,36.9333,73.6,53,11,7.56
538,Cuamba,MZ,2022-11-15 08:20:27,-14.8031,36.5372,94.26,30,16,1.77
539,Qui Nhon,VN,2022-11-15 08:20:27,13.7667,109.2333,80.1,84,22,10.18
540,Manta,EC,2022-11-15 08:20:27,-0.95,-80.7333,69.58,83,100,9.22
541,Scalea,IT,2022-11-15 08:20:28,39.813,15.7956,62.11,73,100,1.1
542,Salinopolis,BR,2022-11-15 08:20:28,-0.6136,-47.3561,79.88,77,55,13.42
543,Quesnel,CA,2022-11-15 08:20:28,52.9999,-122.5029,18.1,93,100,0.0
544,Shillong,IN,2022-11-15 08:20:28,25.5689,91.8831,67.6,46,0,0.74
545,Charagua,BO,2022-11-15 08:20:29,-19.8,-63.2167,66.56,77,96,3.13
546,Campbell River,CA,2022-11-15 08:20:29,50.0163,-125.2446,37.45,79,4,3.51
547,Dudinka,RU,2022-11-15 08:20:29,69.4058,86.1778,-30.93,100,63,0.81
548,Labelle,US,2022-11-15 08:21:30,26.7617,-81.4384,71.65,84,0,5.41
549,Tonstad,NO,2022-11-15 08:21:30,58.6626,6.7169,48.2,84,100,32.79
550,Ormara,PK,2022-11-15 08:21:30,25.2088,64.6357,80.74,67,0,9.75
551,Siuri,IN,2022-11-15 08:21:30,23.9167,87.5333,84.42,27,0,6.53
552,Baruun-Urt,MN,2022-11-15 08:21:31,46.6806,113.2792,32.68,32,12,10.94
553,Kudahuvadhoo,MV,2022-11-15 08:21:31,2.6708,72.8944,81.66,75,60,11.3
554,Mogok,MM,2022-11-15 08:21:31,22.9167,96.5,74.44,46,4,2.98
555,Maraa,BR,2022-11-15 08:21:31,-1.8333,-65.3667,74.52,92,52,2.17
556,Burgeo,CA,2022-11-15 08:21:31,47.6167,-57.6152,37.2,75,90,25.03
557,Broken Hill,AU,2022-11-15 08:21:32,-31.95,141.4333,63.64,33,13,16.58
558,Puerto Del Rosario,ES,2022-11-15 08:21:32,28.5004,-13.8627,71.35,78,0,9.22
559,Byron Bay,AU,2022-11-15 08:21:32,-28.65,153.6167,72.95,78,0,7.54
560,Haapiti,PF,2022-11-15 08:21:33,-17.5667,-149.8667,76.73,84,100,9.66
561,Richards Bay,ZA,2022-11-15 08:21:33,-28.783,32.0377,77.92,52,0,5.7
562,Alamosa,US,2022-11-15 08:21:33,37.4695,-105.87,13.98,92,100,0.0
563,Tiarei,PF,2022-11-15 08:21:33,-17.5333,-149.3333,77.02,85,100,7.63
564,Aberdeen,GB,2022-11-15 08:21:34,57.1437,-2.0981,52.48,92,100,21.85
565,Kieta,PG,2022-11-15 08:21:34,-6.2167,155.6333,80.33,77,74,2.21
566,Puerto Cabezas,NI,2022-11-15 08:21:34,14.0351,-83.3888,76.14,90,40,7.14
567,Marsala,IT,2022-11-15 08:21:34,37.7966,12.4352,66.15,88,0,6.91
568,Srednekolymsk,RU,2022-11-15 08:21:35,67.45,153.6833,-34.37,99,13,4.36
569,Hay River,CA,2022-11-15 08:21:35,60.8156,-115.7999,26.58,80,40,5.75
570,Ilesha,NG,2022-11-15 08:21:35,7.1371,5.2583,79.43,62,100,1.61
571,Tarauaca,BR,2022-11-15 08:21:35,-8.1614,-70.7656,71.69,94,91,2.44
572,Muisne,EC,2022-11-15 08:21:36,0.6,-80.0333,72.77,86,98,6.02
573,Kralendijk,BQ,2022-11-15 08:17:15,12.15,-68.2667,82.38,83,20,9.22
